Rank,Male_name,Number_of_males,Female_name,Number_of_females
1,Liam,22164,Olivia,14718
2,Noah,20337,Emma,13485
3,Oliver,15343,Amelia,12740
4,Theodore,12011,Charlotte,12552
5,James,11793,Mia,12113
6,Henry,11547,Sophia,12088
7,Mateo,11302,Isabella,10770
8,Elijah,11171,Evelyn,9116
9,Lucas,10703,Ava,8662
10,William,10596,Sofia,8094
11,Benjamin,9814,Camila,7608
12,Levi,9513,Harper,7370
13,Ezra,8774,Luna,7135
14,Sebastian,8562,Eleanor,7127
15,Jack,8434,Violet,6972
16,Daniel,8391,Aurora,6917
17,Samuel,8310,Elizabeth,6878
18,Michael,8189,Eliana,6423
19,Ethan,8170,Hazel,6401
20,Asher,8123,Chloe,6385
21,John,8047,Ellie,6306
22,Hudson,7990,Nora,6128
23,Luca,7959,Gianna,6097
24,Leo,7793,Lily,6093
25,Elias,7653,Emily,5955
26,Owen,7574,Aria,5935
27,Alexander,7517,Scarlett,5894
28,Dylan,7464,Penelope,5741
29,Santiago,7407,Zoe,5719
30,Julian,7368,Ella,5685
31,David,7317,Avery,5632
32,Joseph,7223,Abigail,5499
33,Matthew,7078,Mila,5472
34,Luke,7039,Lucy,5396
35,Jackson,6876,Isla,5367
36,Maverick,6615,Ivy,5323
37,Miles,6611,Layla,5305
38,Wyatt,6581,Lainey,5147
39,Thomas,6576,Nova,5044
40,Isaac,6498,Grace,5002
41,Jacob,6496,Willow,4653
42,Mason,6471,Riley,4644
43,Gabriel,6379,Emilia,4634
44,Anthony,6326,Naomi,4605
45,Carter,6267,Elena,4567
46,Logan,6267,Madison,4563
47,Aiden,6243,Valentina,4438
48,Grayson,6211,Victoria,4267
49,Caleb,5766,Stella,4264
50,Cooper,5699,Delilah,4240
51,Charles,5593,Maya,4220
52,Roman,5474,Hannah,4054
53,Josiah,5457,Leah,3969
54,Ezekiel,5390,Lillian,3882
55,Thiago,5289,Genesis,3835
56,Isaiah,5250,Josephine,3746
57,Joshua,5244,Sadie,3729
58,Wesley,5144,Adeline,3723
59,Jayden,5134,Zoey,3600
60,Bennett,5095,Sophie,3574
61,Christopher,5054,Paisley,3542
62,Nathan,5010,Alice,3520
63,Angel,4964,Ruby,3517
64,Nolan,4888,Eloise,3430
65,Waylon,4878,Madelyn,3364
66,Cameron,4817,Leilani,3354
67,Brooks,4793,Claire,3329
68,Andrew,4772,Addison,3327
69,Beau,4694,Ayla,3236
70,Weston,4660,Emery,3197
71,Rowan,4647,Iris,3124
72,Adrian,4617,Eden,3115
73,Lincoln,4567,Natalie,3114
74,Enzo,4548,Maria,3105
75,Ian,4547,Maeve,3098
76,Kai,4276,Daisy,3091
77,Christian,4247,Vivian,3088
78,Axel,4245,Clara,3060
79,Aaron,4225,Autumn,3030
80,Theo,4110,Liliana,3009
81,Silas,4108,Everly,3008
82,Walker,4023,Audrey,2993
83,Jonathan,4018,Lyla,2944
84,Leonardo,3951,Jade,2931
85,Everett,3947,Kinsley,2929
86,Micah,3909,Millie,2910
87,Ryan,3892,Madeline,2907
88,August,3876,Josie,2893
89,Gael,3855,Kennedy,2881
90,Robert,3785,Athena,2788
91,Jose,3768,Melody,2771
92,Eli,3723,Caroline,2720
93,Jeremiah,3702,Aaliyah,2703
94,Luka,3697,Anna,2700
95,Amir,3625,Sarah,2697
96,Jaxon,3618,Quinn,2689
97,Parker,3605,Lydia,2663
98,Colton,3588,Lucia,2658
99,Myles,3551,Allison,2622
100,Adam,3497,Hailey,2620
101,Atlas,3417,Ailany,2596
102,Xavier,3337,Cora,2570
103,Easton,3336,Ariana,2569
104,Jordan,3326,Parker,2517
105,Arthur,3318,Natalia,2498
106,Landon,3316,Gabriella,2496
107,Austin,3290,Savannah,2490
108,Dominic,3290,Brooklyn,2487
109,Adriel,3248,Bella,2469
110,Damian,3233,Georgia,2458
111,Vincent,3158,Juniper,2441
112,River,3138,Alaia,2425
113,Emiliano,3125,Raelynn,2412
114,Jace,3113,Hadley,2380
115,Archer,3093,Rose,2376
116,Lorenzo,3044,Julia,2359
117,Jameson,3025,Serenity,2342
118,Nicholas,3025,Eliza,2303
119,Emmett,3001,Margaret,2303
120,Milo,2988,Eva,2296
121,Harrison,2958,Amara,2288
122,Giovanni,2951,Melanie,2244
123,Carson,2890,Cecilia,2238
124,George,2890,Ashley,2231
125,Kayden,2882,Rylee,2229
126,Jonah,2879,Margot,2223
127,Greyson,2868,Samantha,2221
128,Hunter,2831,Catalina,2216
129,Graham,2789,Juliette,2210
130,Luis,2778,Aubrey,2209
131,Declan,2758,Esther,2206
132,Sawyer,2756,Mary,2196
133,Jasper,2750,Nevaeh,2193
134,Ryder,2694,Skylar,2186
135,Carlos,2614,Alina,2180
136,Connor,2606,Amira,2176
137,Juan,2601,Ember,2172
138,Matteo,2582,Magnolia,2146
139,Dawson,2576,Sienna,2113
140,Calvin,2568,Charlie,2109
141,Leon,2547,Elliana,2071
142,Dean,2545,Summer,2065
143,Evan,2526,Alana,2054
144,Nathaniel,2511,Brielle,2029
145,Diego,2506,Remi,1987
146,Arlo,2481,Sage,1987
147,Bryson,2469,Valerie,1985
148,Jason,2448,Hallie,1982
149,Malachi,2404,Wrenley,1982
150,Elliot,2370,Kehlani,1967
151,Zion,2359,Emerson,1965
152,Emilio,2358,June,1956
153,Ivan,2340,Sloane,1937
154,Hayden,2337,Emersyn,1908
155,Stetson,2328,Elsie,1901
156,Jude,2284,Oaklynn,1898
157,Legend,2275,Oakley,1894
158,Matias,2263,Blakely,1882
159,Callum,2258,Freya,1877
160,Hayes,2249,Piper,1877
161,Jett,2222,Valeria,1865
162,Cole,2219,Arya,1863
163,Elliott,2219,Adalynn,1857
164,Jesus,2210,Everleigh,1852
165,Ace,2203,Genevieve,1835
166,Beckett,2186,Anastasia,1832
167,Alan,2183,Isabel,1820
168,Beckham,2180,Peyton,1812
169,Jayce,2176,Amaya,1809
170,Braxton,2168,Isabelle,1778
171,Jaxson,2159,Olive,1778
172,Amari,2158,Ruth,1767
173,Chase,2148,Ximena,1744
174,Rhett,2134,Evangeline,1741
175,Max,2120,Katherine,1740
176,Charlie,2084,Callie,1708
177,Felix,2081,Rosalie,1699
178,Kingston,2081,Alani,1697
179,Judah,2069,Lilah,1685
180,Antonio,2047,Kaia,1675
181,Emmanuel,2047,Brianna,1673
182,Maxwell,2021,Bailey,1644
183,Ryker,2011,Phoebe,1639
184,Alejandro,1992,Vivienne,1633
185,Nicolas,1992,Andrea,1624
186,Barrett,1984,Myla,1624
187,Jesse,1980,Lia,1605
188,Ashton,1976,Sara,1605
189,Miguel,1924,Kylie,1594
190,Brayden,1917,Reese,1589
191,Tyler,1908,Annie,1564
192,Peter,1889,Daphne,1564
193,Camden,1857,Ada,1563
194,Zachary,1835,Adaline,1562
195,Tatum,1833,Arianna,1562
196,Kevin,1822,Ariella,1559
197,Andres,1806,Sutton,1559
198,Finn,1791,Celeste,1556
199,Justin,1788,Jasmine,1527
200,Tucker,1781,Mackenzie,1520
201,Bentley,1776,Haven,1517
202,Zayden,1741,Scottie,1517
203,Messiah,1734,Gemma,1514
204,Abraham,1729,Ana,1497
205,Alex,1722,Tatum,1497
206,Adonis,1713,Arabella,1476
207,Kaiden,1708,Lila,1475
208,Timothy,1708,Molly,1465
209,Knox,1701,Stevie,1460
210,Tate,1697,Blake,1457
211,Caden,1680,Aitana,1455
212,Ayden,1678,Alaina,1444
213,Nico,1678,Wren,1442
214,Victor,1674,River,1434
215,Maddox,1665,Noelle,1433
216,Xander,1665,Delaney,1432
217,Oscar,1656,Journee,1416
218,Colter,1643,Blair,1412
219,Joel,1633,Adalyn,1411
220,Abel,1627,Kaylee,1392
221,Patrick,1622,Alexandra,1387
222,Rafael,1614,Mabel,1380
223,Griffin,1609,Norah,1374
224,Brody,1608,Presley,1373
225,Jaziel,1602,Alora,1372
226,Rory,1594,Vera,1351
227,Eithan,1593,Celine,1347
228,Edward,1584,Amy,1344
229,Riley,1567,Brynlee,1342
230,Brandon,1553,Nyla,1339
231,Milan,1552,Saylor,1337
232,Richard,1539,Khloe,1333
233,Malakai,1537,Antonella,1329
234,Ismael,1532,Zara,1327
235,Kyrie,1529,Aliyah,1311
236,Louis,1503,Cataleya,1311
237,Elian,1495,Lennon,1311
238,Kairo,1478,Kiara,1310
239,Cohen,1475,Camille,1301
240,Nash,1464,Dahlia,1300
241,Grant,1453,Kaylani,1299
242,Callan,1452,Mariana,1296
243,Dallas,1448,Diana,1293
244,Harvey,1441,Reagan,1292
245,Muhammad,1441,Selena,1289
246,Mark,1437,Kimberly,1285
247,Javier,1435,Rachel,1285
248,Karter,1425,Gracie,1273
249,Zayn,1424,Faith,1272
250,Crew,1413,Juliana,1267
251,Eric,1402,Miriam,1267
252,Simon,1402,Elise,1266
253,Aziel,1381,Noa,1259
254,Cyrus,1380,Elaina,1252
255,Gavin,1380,Maisie,1241
256,Marcus,1376,Lilith,1240
257,Ronan,1370,Collins,1237
258,Derek,1355,Palmer,1221
259,Avery,1348,Lilly,1217
260,Omar,1343,Shiloh,1216
261,Lane,1331,Ophelia,1215
262,Warren,1327,Elianna,1213
263,Lennox,1320,Lena,1211
264,Paul,1320,Harmony,1206
265,Blake,1311,Aspen,1198
266,Jeremy,1308,Rowan,1193
267,Tristan,1296,Gia,1191
268,Lukas,1287,Leila,1191
269,Steven,1284,Jane,1180
270,Emerson,1270,Talia,1161
271,Walter,1264,Adelaide,1158
272,Cade,1260,Dakota,1155
273,Ellis,1250,Lola,1155
274,Otto,1239,Lucille,1151
275,Phoenix,1227,Kailani,1141
276,Colt,1224,Morgan,1141
277,Atticus,1223,Zuri,1140
278,Kaleb,1221,Milani,1137
279,Israel,1220,Daniela,1128
280,Tobias,1210,Selah,1122
281,Holden,1205,Alessia,1121
282,Saint,1195,Angela,1117
283,Romeo,1188,Juliet,1116
284,Kenneth,1186,Evie,1112
285,Jorge,1179,Amora,1104
286,Angelo,1170,Rory,1102
287,Remington,1169,Marley,1100
288,Paxton,1165,Sydney,1097
289,Cody,1161,Alanna,1096
290,Finley,1153,Leia,1094
291,Kayson,1146,Luciana,1090
292,Koa,1145,Kamila,1084
293,Kash,1141,Harlow,1079
294,Josue,1140,Kali,1066
295,Ares,1136,Octavia,1066
296,Hendrix,1130,Amari,1065
297,Bryce,1127,Sawyer,1062
298,Maximiliano,1126,Gabriela,1059
299,Zyaire,1123,Ariel,1051
300,Reid,1118,Maggie,1051
301,Brian,1111,Rosemary,1037
302,Bodhi,1110,Ryleigh,1037
303,Cruz,1110,Tessa,1034
304,Kaden,1107,Evelynn,1013
305,Bryan,1105,Londyn,1009
306,Zane,1105,Danna,1002
307,Francisco,1104,Amina,1000
308,Martin,1101,Brooke,999
309,Brady,1098,Samara,997
310,Casey,1096,Kendall,985
311,Shepherd,1094,Rosie,984
312,Aidan,1092,Alayna,983
313,Baker,1089,Angelina,981
314,Malcolm,1088,Francesca,975
315,Jax,1087,Adelyn,974
316,Cash,1085,Fatima,972
317,Clayton,1081,Hope,964
318,Kohen,1079,Nicole,961
319,Leonel,1079,Nayeli,960
320,Cristian,1078,Catherine,955
321,Bowen,1074,Nina,955
322,Dante,1067,Journey,954
323,Ali,1061,Adriana,951
324,Jaylen,1061,Camilla,951
325,Orion,1061,Ailani,946
326,Briggs,1057,Malia,946
327,Jensen,1054,Meadow,946
328,Dakota,1053,Jordyn,945
329,Preston,1045,Joanna,942
330,Maximus,1043,Emory,940
331,Gideon,1042,Malani,938
332,Erick,1038,Serena,938
333,Archie,1037,Teagan,936
334,Colin,1035,Aurelia,933
335,Sonny,1034,Vanessa,933
336,Shiloh,1032,Kayla,931
337,Mathias,1031,Navy,929
338,Ezequiel,1021,Poppy,928
339,Sullivan,1011,Kalani,917
340,Joaquin,1009,Regina,911
341,Wade,1009,Adelina,910
342,King,1001,Rebecca,910
343,Niko,1001,Ariyah,903
344,Damien,999,Esme,901
345,Kade,986,Heidi,901
346,Bodie,980,Aisha,900
347,Dariel,979,Julieta,897
348,Luciano,974,Thea,893
349,Cayden,963,Annabelle,891
350,Andre,961,Esmeralda,891
351,Manuel,954,Lauren,879
352,Fernando,951,Julianna,878
353,Colson,946,Taylor,877
354,Rhys,946,Wrenlee,874
355,Cairo,944,London,872
356,Anderson,943,Giselle,871
357,Kyler,942,Sabrina,869
358,Onyx,927,Azalea,868
359,Ibrahim,922,Laura,868
360,Cesar,916,Sylvie,868
361,Travis,914,Sylvia,863
362,Santino,908,Alaya,862
363,Callahan,907,Raya,859
364,Bradley,906,Elora,858
365,Baylor,903,Finley,858
366,Banks,899,Mya,853
367,Russell,892,Dream,846
368,Desmond,888,Viviana,846
369,Killian,884,Elaine,843
370,Grady,882,Elodie,839
371,Rylan,882,Laila,839
372,Sterling,880,Sunny,837
373,Kylo,869,Briella,836
374,Eduardo,866,Lana,829
375,Ricardo,865,Paige,826
376,Wells,865,Itzel,825
377,Stephen,864,Mckenna,825
378,Zander,864,Melissa,825
379,Raymond,859,Frances,821
380,Hector,858,Mira,820
381,Eliam,853,Payton,820
382,Edwin,850,Hattie,819
383,Titus,843,Astrid,818
384,Iker,841,Brynn,817
385,Franklin,840,Winter,816
386,Kamari,840,Aylin,813
387,Marco,840,Miley,813
388,Spencer,840,Raven,813
389,Julius,838,Jocelyn,808
390,Khalil,830,Maryam,806
391,Marshall,830,Logan,805
392,Wilder,830,Veronica,804
393,Jared,828,Gwendolyn,802
394,Jaden,827,Anya,798
395,Kashton,822,Leighton,797
396,Jay,819,Alivia,795
397,Karson,813,Harley,795
398,Mario,808,Charlee,794
399,Ari,805,Alyssa,793
400,Remy,801,Colette,789
401,Pedro,799,Hayden,787
402,Sergio,799,Lorelai,786
403,Hugo,797,Jayla,785
404,Prince,797,Ivory,784
405,Winston,797,Anaya,782
406,Pablo,794,Fiona,782
407,Forrest,788,Trinity,781
408,Augustus,787,Aubree,773
409,Kobe,787,Michelle,772
410,Oakley,785,Matilda,769
411,Daxton,784,Lilliana,767
412,Tadeo,781,Mallory,765
413,Sage,779,Mariah,756
414,Apollo,776,Helena,754
415,Lawson,774,Wynter,752
416,Kian,765,Carmen,751
417,Solomon,765,Alayah,748
418,Chance,757,Liana,743
419,Kayce,756,Holly,739
420,Raphael,744,Madilyn,739
421,Reed,744,Phoenix,734
422,Jake,743,Raelyn,733
423,Frederick,741,Willa,729
424,Armani,739,Helen,726
425,Hank,739,Emely,723
426,Nehemiah,739,Alessandra,722
427,Royal,738,Gracelynn,722
428,Kameron,737,Carolina,716
429,Malik,736,Arleth,715
430,Alijah,734,Salem,715
431,Kane,731,Dorothy,714
432,Dalton,729,Xiomara,714
433,Lewis,728,Elisa,712
434,Noel,728,Reign,712
435,Benson,727,Florence,711
436,Sean,726,Alicia,708
437,Clark,725,Madeleine,707
438,Miller,721,Melany,707
439,Kyle,716,Katalina,706
440,Kieran,713,Zariah,705
441,Sutton,712,Bonnie,703
442,Fabian,711,Joy,702
443,Tanner,711,Kaliyah,701
444,Marcelo,709,Haisley,699
445,Rowen,706,Sarai,699
446,Isaias,703,Blaire,697
447,Zayne,703,Elowyn,697
448,Nasir,702,Saige,696
449,Raiden,702,Adelynn,694
450,Francis,693,Opal,694
451,Bo,692,Demi,693
452,Valentino,690,Nylah,693
453,Rome,688,Emmy,690
454,Damon,686,Camryn,688
455,Reece,686,Kira,684
456,Esteban,681,Lorelei,684
457,Edgar,679,Daleyza,683
458,Johnny,679,Raegan,682
459,Kylian,679,Maia,681
460,Tyson,679,Bianca,678
461,Uriel,670,Aniyah,676
462,Royce,669,Annalise,676
463,Cillian,668,Alexandria,675
464,Koda,665,Amirah,675
465,Kyson,665,Alison,673
466,Eden,659,Anahi,670
467,Jalen,659,Gracelyn,666
468,Frank,656,Brooklynn,665
469,Conrad,654,Miracle,660
470,Jasiah,654,Everlee,659
471,Matthias,653,Adhara,654
472,Zaire,651,Alma,653
473,Corbin,646,Macie,652
474,Asa,645,Murphy,647
475,Yusuf,645,Romina,647
476,Erik,644,Cassidy,646
477,Callen,643,Clementine,645
478,Kendrick,641,Heaven,645
479,Odin,641,Elle,642
480,Brantley,640,Skye,642
481,Rodrigo,640,Destiny,638
482,Marcos,639,Lyra,638
483,Gianni,638,Rylie,638
484,Alexis,636,Paris,633
485,Lucian,634,Cameron,628
486,Denver,633,Felicity,628
487,Sylas,633,Maddison,627
488,Andy,628,Leona,624
489,Collin,627,Scarlet,622
490,Hezekiah,626,Kora,621
491,Moshe,626,Mariam,621
492,Finnegan,625,Meredith,621
493,Ronin,623,Mckenzie,620
494,Atreus,622,Dayana,619
495,Adan,620,Cali,618
496,Emanuel,620,Amanda,617
497,Quinn,615,Arielle,614
498,Mack,612,Angel,613
499,Leandro,611,Calliope,613
500,Rocco,609,Fernanda,609
501,Ruben,607,Estella,608
502,Ledger,606,April,607
503,Azariah,604,Izabella,606
504,Donovan,603,Hanna,605
505,Moses,603,Marceline,605
506,Kaizen,602,Alexis,604
507,Elio,599,Carter,604
508,Leonidas,597,Daniella,604
509,Lawrence,596,Marlee,602
510,Tripp,596,Virginia,601
511,Ariel,595,Kataleya,600
512,Alonzo,594,Halo,598
513,Kaison,594,Nadia,598
514,Lian,594,Amiyah,595
515,Devin,593,Madelynn,595
516,Rio,591,Emerie,594
517,Johnathan,590,Renata,594
518,Ayaan,589,Oaklee,593
519,Gunner,587,Remington,593
520,Jeffrey,587,Maxine,591
521,Philip,586,Nellie,591
522,Samson,582,Briar,588
523,Moises,568,Danielle,588
524,Lucca,566,Charli,587
525,Musa,566,Makenna,587
526,Camilo,565,Imani,583
527,Hamza,565,Armani,582
528,Ridge,563,Edith,579
529,Kolton,561,Nalani,575
530,Morgan,560,Mae,574
531,Troy,560,Vienna,574
532,Kylan,558,Hadassah,572
533,Amiri,556,Stephanie,571
534,Boone,556,Ari,569
535,Makai,556,Kate,569
536,Johan,554,Jimena,563
537,Bruce,553,Briana,560
538,Dorian,553,Faye,559
539,Gregory,553,Jordan,559
540,Pierce,553,Louise,559
541,Roy,552,Amber,558
542,Drew,550,Makayla,556
543,Clay,545,Zahra,556
544,Caiden,544,Lylah,555
545,Enrique,543,Margo,555
546,Jamir,541,Amoura,552
547,Leland,540,Jennifer,552
548,Mohamed,540,Kyla,552
549,Alessandro,539,Mylah,551
550,Deacon,539,Winnie,551
551,Augustine,538,Alisson,550
552,Dominick,538,Amalia,550
553,Roberto,538,Reina,547
554,Kasen,537,Avianna,545
555,Zain,532,Allie,544
556,Jonas,531,Ivanna,544
557,Emir,530,Ariya,543
558,Seth,530,Lilian,542
559,Saul,529,Alia,540
560,Jamari,528,Aylani,539
561,Lionel,528,Noah,539
562,Garrett,527,Reyna,538
563,Jaiden,526,Lexi,536
564,Fletcher,523,Brinley,535
565,Scott,517,Iyla,532
566,Armando,516,Mavis,532
567,Cassius,516,Lina,530
568,Kason,514,Cecelia,529
569,Zachariah,512,Eve,529
570,Ford,504,Maren,529
571,Soren,502,Monroe,529
572,Zaiden,498,Capri,528
573,Allen,497,Emelia,527
574,Louie,497,Jessica,526
575,Ronald,495,Halle,524
576,Alden,492,Alejandra,523
577,Arturo,492,Gabrielle,523
578,Caspian,492,Yara,519
579,Rayan,491,Beatrice,518
580,Major,490,Della,518
581,Arjun,489,Kamryn,518
582,Colby,489,Katie,518
583,Eliel,488,Ariah,516
584,Krew,488,Arlette,516
585,Ander,486,Noemi,516
586,Kenzo,485,Alondra,515
587,Maximilian,485,Maliyah,515
588,Memphis,484,Mara,514
589,Nikolai,484,Jacqueline,510
590,Samir,484,Jazlyn,510
591,Ocean,483,Frankie,509
592,Anakin,482,Angie,508
593,Gerardo,482,Eileen,508
594,Keegan,482,Lyric,507
595,Maximo,482,Aliana,506
596,Mohammed,481,Sierra,505
597,Kaysen,479,Rosalia,504
598,Julio,475,Oaklyn,503
599,Mohammad,475,Chaya,502
600,Gunnar,474,Amaia,500
601,Shane,473,Leyla,499
602,Ozzy,472,Holland,498
603,Zakai,472,Cleo,495
604,Sincere,471,Jream,495
605,Jaime,468,Leslie,495
606,Albert,467,Sevyn,494
607,Azriel,467,Jolene,493
608,Izaiah,467,Mina,493
609,Jaxton,466,Keira,492
610,Raul,466,Legacy,491
611,Yosef,466,Tiana,490
612,Creed,465,Elliott,487
613,Rhodes,465,Cassandra,485
614,Princeton,464,Jaylani,485
615,Porter,463,Priscilla,484
616,Cassian,462,Rhea,484
617,Omari,461,Kinley,483
618,Tru,461,Clover,482
619,Chosen,459,Estrella,481
620,Reese,455,Zariyah,481
621,Jayceon,454,Journi,479
622,Jayson,454,Miranda,478
623,Jamie,453,Angelica,477
624,Reign,453,Marlowe,476
625,Trevor,451,Jovie,475
626,Phillip,450,Abby,474
627,Boston,449,Sariyah,471
628,Kamden,446,Kenzie,470
629,Crue,444,Oakleigh,469
630,Eliseo,444,Aya,467
631,Colsen,442,Siena,467
632,Keanu,442,Emberly,466
633,Mauricio,442,Melina,466
634,Salem,440,Amani,464
635,Dario,439,Bristol,463
636,Dax,438,Estelle,462
637,Jase,438,Galilea,461
638,Shawn,438,Irene,461
639,Vicente,438,Marie,461
640,Gustavo,437,Marina,461
641,Danny,435,Makenzie,460
642,Mylo,434,Sasha,460
643,Kyro,432,Paislee,459
644,Wilson,431,Isabela,456
645,Davis,429,Goldie,453
646,Jakari,428,Myra,453
647,Jakai,426,Davina,452
648,Truett,426,Flora,452
649,Hassan,425,Anne,450
650,Chris,423,Azariah,450
651,Sam,423,Indie,450
652,Brixton,422,Kaitlyn,450
653,Kyaire,421,Jazmin,449
654,Uriah,421,Gloria,447
655,Azael,419,Georgina,446
656,Westley,419,Shelby,445
657,Rocky,418,Dallas,444
658,Peyton,417,Thalia,444
659,Sevyn,415,Aliza,443
660,Dilan,414,Averie,443
661,Drake,414,Skyler,441
662,Zaid,414,Macy,440
663,Roland,413,Rosa,440
664,Dereck,412,Dulce,438
665,Braylen,411,Khaleesi,434
666,Harlan,411,Marilyn,432
667,Taylor,411,Martha,431
668,Riggs,410,Adley,430
669,Ahmad,409,Belen,430
670,Cal,408,Ellianna,430
671,Marvin,406,Kelsey,430
672,Donald,405,Nia,428
673,Leonard,404,Chana,427
674,Nathanael,404,Lakelynn,424
675,Aarav,403,Selene,424
676,Abdiel,403,Lottie,423
677,Kareem,403,Loretta,422
678,Corey,402,Aleena,421
679,Emmitt,400,Ila,419
680,Wylder,400,Dani,418
681,Koen,399,Remy,417
682,Junior,397,Whitley,417
683,Zyair,397,Jenna,416
684,Zayd,395,Lillie,416
685,Dustin,394,Kennedi,414
686,Wayne,394,Violeta,413
687,Ahmed,392,Kendra,412
688,Madden,392,Lennox,412
689,Quincy,392,Laney,411
690,Bellamy,390,Aviana,410
691,Lachlan,389,Solana,409
692,Layton,389,Veda,407
693,Amias,388,Marigold,406
694,Chaim,388,Billie,405
695,Layne,387,Drew,404
696,Mac,387,Dylan,404
697,Amos,386,Ellis,404
698,Briar,386,Gwen,403
699,Carmelo,386,Amayah,401
700,Aries,384,Milan,401
701,Bruno,381,Leilany,399
702,Houston,381,Ryan,399
703,Julien,381,Bridget,398
704,Trace,380,Christina,398
705,Brock,378,Ezra,398
706,Yahya,378,Ainsley,397
707,Conor,376,Emerald,396
708,Dennis,376,Hana,395
709,Duke,375,Noor,395
710,Abram,374,Rivka,395
711,Jefferson,374,Amelie,394
712,Vincenzo,372,Jenesis,394
713,Izan,371,Royalty,393
714,Lee,370,Lenora,392
715,Finnley,369,Taytum,392
716,Brayan,368,Jamie,391
717,Raylan,368,Kathryn,391
718,Enoch,367,Aileen,390
719,Avyaan,364,Arlet,390
720,Dexter,364,Coraline,390
721,Salvador,364,Kiana,390
722,Case,362,Kyra,389
723,Misael,362,Araceli,388
724,Forest,361,Azaria,388
725,Nikolas,361,Kenna,388
726,Westin,361,Monica,388
727,Braylon,359,Bethany,386
728,Clyde,359,Laurel,386
729,Ryland,359,Charley,385
730,Otis,358,Karla,385
731,Tommy,358,Kayleigh,385
732,Zeke,358,Rayna,385
733,Yehuda,356,Louisa,383
734,Tomas,355,Celia,382
735,Azrael,354,Emmie,382
736,Dutton,351,Fallon,382
737,Flynn,351,Persephone,381
738,Chandler,348,Winona,381
739,Idris,347,Marisol,380
740,Zamir,347,Lara,379
741,Ambrose,345,Kensley,378
742,Franco,345,Mckinley,378
743,Huxley,345,Michaela,378
744,Wes,345,Novalee,377
745,Chozen,343,Elyse,376
746,Darius,343,Lacey,376
747,Valentin,343,Penny,376
748,Alberto,340,Zelda,376
749,Magnus,340,Alena,375
750,Roger,340,Luz,375
751,Benicio,339,Keilani,374
752,Brycen,339,Nala,374
753,Marcel,339,Paula,374
754,Ryatt,339,Birdie,373
755,Zahir,339,Karsyn,372
756,Keith,336,Lakelyn,372
757,Rayden,336,Miller,372
758,Jamison,335,Jemma,371
759,Teo,335,Aleah,370
760,Skyler,334,Inaya,370
761,Blaze,333,Megan,369
762,Cayson,332,Sloan,369
763,Hugh,332,Charleigh,368
764,Yahir,332,Rosalina,368
765,Cannon,331,Andi,367
766,Yousef,331,Nola,367
767,Bjorn,330,Julie,366
768,Noe,328,Adrianna,365
769,Alonso,327,Kaeli,365
770,Alvaro,327,Addilyn,364
771,Evander,327,Freyja,364
772,Kenai,327,Ramona,364
773,Aurelio,323,Samira,364
774,Jahmir,323,Karina,363
775,Lochlan,323,Denver,362
776,Aron,322,Janelle,362
777,Harry,322,Mikayla,362
778,Nelson,322,Seraphina,362
779,Ray,322,Haley,361
780,Alfredo,321,Indy,361
781,Abdullah,320,Paulina,361
782,Aryan,320,Rowyn,361
783,Conner,320,Milana,359
784,Lennon,320,Chelsea,358
785,Bridger,319,Elina,358
786,Westyn,319,Milena,358
787,Jasiel,318,Valery,358
788,Quentin,318,Ivey,356
789,Trey,317,Maci,356
790,Yael,317,Stormi,356
791,Alvin,316,Brittany,355
792,Casen,316,Madilynn,355
793,Dakari,316,Aila,354
794,Rex,316,Yareli,354
795,Damir,315,Yaretzi,354
796,Waylen,315,Zaylee,354
797,Izael,314,Erin,352
798,Jeremias,314,Adele,351
799,Kaiser,314,Robin,351
800,Kolson,314,Jaliyah,350
801,Ben,313,Maisy,350
802,Kyree,313,Pearl,350
803,Tony,313,Adalee,349
804,Bode,312,Brynleigh,349
805,Jesiah,312,Keyla,349
806,Eiden,311,Alexa,348
807,Jaxxon,310,Baylor,348
808,Jedidiah,310,Jessie,348
809,Remi,310,Cielo,347
810,Robin,310,Braelynn,346
811,Santana,309,Alianna,345
812,Kyren,308,Theodora,343
813,Landen,308,Malaya,341
814,Ezrah,307,Meilani,340
815,Murphy,307,Tallulah,339
816,Castiel,306,Analia,338
817,Boden,305,Nyomi,338
818,Derrick,305,Promise,336
819,Karim,305,Sol,336
820,Mustafa,304,Xyla,336
821,Rey,303,Kylee,334
822,Rudy,303,Marjorie,334
823,Emery,302,Treasure,334
824,Ignacio,302,Soleil,332
825,Jettson,301,Zaria,332
826,Bear,300,Cynthia,331
827,Edison,300,Luella,331
828,Ricky,300,Sky,330
829,Ramon,299,Ayleen,328
830,Anders,297,Neriah,327
831,Gage,297,Iliana,326
832,Guillermo,297,Judith,326
833,Santos,297,Ocean,325
834,Kolter,296,Lea,324
835,Quinton,296,Linda,321
836,Axton,294,Livia,321
837,Abner,293,Maddie,321
838,Alfred,293,Magdalena,321
839,Darwin,293,Elia,320
840,Rohan,291,Kahlani,320
841,Lance,290,Micah,320
842,Avi,288,Tiffany,320
843,Keaton,288,Wrenleigh,320
844,Orlando,288,Zaniyah,320
845,Everest,285,Kallie,319
846,Jagger,285,Love,319
847,Elisha,284,Andie,318
848,Heath,284,Johanna,318
849,Jones,284,Mercy,318
850,Thaddeus,284,Skyla,318
851,Allan,283,Aliya,316
852,Cason,283,Deborah,316
853,Douglas,283,Zainab,316
854,Issac,283,Anais,315
855,Kenji,283,Greta,314
856,Matheo,283,Kaiya,314
857,Ty,283,Malaysia,314
858,Asaiah,282,Marianna,314
859,Jimmy,282,Amaris,313
860,Arian,280,Barbara,313
861,Ozias,280,Bellamy,312
862,Leroy,278,Dalia,312
863,Neil,278,Anika,311
864,Watson,278,Giana,311
865,Agustin,277,Keziah,311
866,Bryer,277,Nataly,311
867,Jerry,277,Cheyenne,310
868,Dillon,276,Kelly,310
869,Eren,276,Luisa,310
870,Eugene,276,Salma,310
871,Ayan,275,Teresa,310
872,Melvin,275,Aura,309
873,Nixon,275,Carly,308
874,Reuben,275,Liv,308
875,Stanley,275,Azari,307
876,Grey,274,Dafne,307
877,Loyal,274,Rebekah,307
878,Alec,273,Amiri,306
879,Casper,273,Berkley,306
880,Dane,273,Emberlynn,306
881,Azaiah,272,Hunter,306
882,Byron,272,Jaycee,306
883,Joe,272,Alexia,305
884,Emory,271,Reya,305
885,Zaylen,271,Ruthie,305
886,Massimo,270,Eleanora,304
887,Trenton,269,Janiyah,304
888,Gatlin,266,Rosalyn,303
889,Joey,266,Giuliana,302
890,Benny,265,Emiliana,300
891,Jon,265,Novah,300
892,Jrue,264,Tru,300
893,Gian,263,Kori,299
894,Seven,263,Aspyn,298
895,Colten,262,Chandler,297
896,Ernesto,262,Kailany,297
897,Fisher,262,Lilyana,297
898,Teddy,262,Elowen,294
899,Kaisen,261,Khalani,294
900,Zechariah,261,Naya,294
901,Darian,260,Zyla,294
902,Salvatore,260,Jolie,293
903,Jericho,259,Leanna,293
904,Mitchell,258,Yamileth,293
905,Alistair,257,Cattleya,292
906,Calum,257,Elisabeth,292
907,Van,257,Ensley,292
908,Zev,257,Ashlyn,291
909,Langston,256,Allyson,290
910,Mccoy,256,August,290
911,Ulises,256,Kimber,290
912,Lucien,255,Marleigh,290
913,Benedict,254,Soraya,290
914,Carlo,253,Anaiah,289
915,Coleson,253,Analeia,289
916,Meir,253,Waverly,289
917,Henrik,252,Yasmin,289
918,Jiraiya,252,Zora,289
919,Kellan,252,Joelle,288
920,Alfonso,251,Lilia,288
921,Azai,251,Nancy,288
922,Campbell,251,Icelynn,287
923,Kylen,251,Indigo,287
924,Felipe,250,Arely,286
925,Leif,250,Laylani,285
926,Rowdy,250,Romy,285
927,Curtis,249,Scout,285
928,Ameer,248,Ayra,284
929,Kiaan,248,Giovanna,284
930,Maurice,248,Siya,284
931,Krue,247,Katelyn,283
932,Shimon,247,Madalyn,283
933,Zyon,247,Natasha,283
934,Damari,246,Alaiya,282
935,Jairo,246,Honey,282
936,Khalid,246,Lettie,282
937,Kabir,245,Sarahi,281
938,Jireh,244,Elsa,280
939,Mathew,244,Emmeline,280
940,Shepard,244,Hadlee,280
941,Eddie,243,Lilianna,280
942,Isael,243,Zendaya,279
943,Arden,242,Ainhoa,278
944,Cedric,242,Elliot,278
945,Nazir,242,Jazmine,278
946,Alessio,241,Aadhya,277
947,Khai,240,Guinevere,277
948,Marcellus,240,Rayne,277
949,Wesson,240,Clare,276
950,Yisroel,240,Saanvi,276
951,Zymir,240,Campbell,273
952,Landyn,239,Salome,273
953,Darren,238,Tilly,273
954,Legacy,237,Yusra,273
955,Devon,236,Akira,272
956,Judson,236,Henley,272
957,Vihaan,236,Lyanna,272
958,Yitzchok,236,Quincy,272
959,Zen,236,Rosalee,272
960,Dangelo,234,Vada,272
961,Adler,233,Ainara,271
962,Aspen,233,Annika,271
963,Brodie,233,Ayah,270
964,Kase,233,Violette,270
965,Khaza,233,Aleia,269
966,Mordechai,233,Kaya,268
967,Dash,232,Mazie,268
968,Makari,232,Amyra,267
969,Neo,232,Celina,267
970,Zavier,232,Mikaela,267
971,Evren,231,Paloma,267
972,Imran,231,Elouise,266
973,Laith,231,Etta,266
974,Cain,230,Julietta,266
975,Ira,230,Kamiyah,266
976,Osiris,230,Zoya,266
977,Shlomo,230,Jayleen,265
978,Yaakov,230,Kassidy,265
979,Ephraim,229,Keily,265
980,Shmuel,229,Harlee,264
981,Wallace,229,Kiera,264
982,Yeshua,229,Liberty,263
983,Kannon,228,Darcy,262
984,Kingsley,228,Dior,262
985,Noa,228,Lisa,262
986,True,228,Malka,262
987,Ermias,227,Arisbeth,261
988,Harold,227,Kara,261
989,Joziah,227,Bailee,260
990,Rene,227,Elani,260
991,Truce,227,Harmoni,260
992,Aldo,226,Mariella,260
993,Dimitri,226,Zayla,260
994,Halo,226,Emi,259
995,Ronnie,226,Jianna,259
996,Vance,226,Maelynn,259
997,Aden,225,Avani,258
998,Ishaan,225,Lavender,258
999,Kace,225,Karter,257
1000,Stefan,225,Raina,257